<?xml version="1.0" encoding="UTF-8"?>
<project-private xmlns="http://www.netbeans.org/ns/project-private/1">
    <editor-bookmarks xmlns="http://www.netbeans.org/ns/editor-bookmarks/2" lastBookmarkId="0"/>
    <open-files xmlns="http://www.netbeans.org/ns/projectui-open-files/2">
        <group>
            <file>file:/Users/bushraalshehri/Desktop/JavaApplication2%20UPDATED/src/javaapplication2/adminProducts.java</file>
            <file>file:/Users/bushraalshehri/Desktop/JavaApplication2%20UPDATED/src/javaapplication2/Frame1.java</file>
            <file>file:/Users/bushraalshehri/Desktop/JavaApplication2%20UPDATED/src/javaapplication2/AdminLogin.java</file>
            <file>file:/Users/bushraalshehri/Desktop/JavaApplication2%20UPDATED/src/javaapplication2/Login.java</file>
            <file>file:/Users/bushraalshehri/Desktop/JavaApplication2%20UPDATED/src/javaapplication2/Cashier.java</file>
            <file>file:/Users/bushraalshehri/Desktop/JavaApplication2%20UPDATED/src/javaapplication2/Info.java</file>
        </group>
    </open-files>
</project-private>
