<?xml version="1.0" encoding="UTF-8"?>
<project-private xmlns="http://www.netbeans.org/ns/project-private/1">
    <editor-bookmarks xmlns="http://www.netbeans.org/ns/editor-bookmarks/2" lastBookmarkId="0"/>
    <open-files xmlns="http://www.netbeans.org/ns/projectui-open-files/2">
        <group>
            <file>file:/Users/asma/Desktop/Resturant%202-1/src/Receipt.java</file>
            <file>file:/Users/asma/Desktop/Resturant%202-1/src/Resturant.java</file>
            <file>file:/Users/asma/Desktop/Resturant%202-1/src/Connector.java</file>
            <file>file:/Users/asma/Desktop/Resturant%202-1/src/NewJFrame.java</file>
            <file>file:/Users/asma/Desktop/Resturant%202-1/src/NewJFrame1.java</file>
            <file>file:/Users/asma/Desktop/Resturant%202-1/src/MenuFrame.java</file>
        </group>
    </open-files>
</project-private>
